Date,Phone No.
9/2/2021,88158434
9/2/2021,83986871
9/2/2021,88103592
9/2/2021,86224049
9/2/2021,81477596
8/2/2021,93006999
8/2/2021,99806981
8/2/2021,90676397
8/2/2021,83949607
8/2/2021,88915014
8/2/2021,82841341
7/2/2021,83596936
7/2/2021,80516173
7/2/2021,91430048
7/2/2021,94064076
6/2/2021,93656277
6/2/2021,80549800
6/2/2021,86492723
6/2/2021,95412957
5/2/2021,87806604
5/2/2021,96087640
5/2/2021,97338197
5/2/2021,86956364
5/2/2021,86201907
5/2/2021,94341326
5/2/2021,92322179
4/2/2021,97382858
4/2/2021,86004789
4/2/2021,85528162
4/2/2021,87840043
4/2/2021,93422554
4/2/2021,83496566
4/2/2021,93721318
4/2/2021,98113499
4/2/2021,86961936
13/2/2021,86148198
13/2/2021,88384319
13/2/2021,82502041
13/2/2021,90994352
13/2/2021,99111429
12/2/2021,94996212
12/2/2021,91945910
12/2/2021,90860910
12/2/2021,96648872
12/2/2021,93944641
12/2/2021,95776392
12/2/2021,95894288
12/2/2021,82573613
12/2/2021,81592483
12/2/2021,96154692
11/2/2021,84157160
11/2/2021,88633368
11/2/2021,85022567
11/2/2021,86332711
11/2/2021,95145796
11/2/2021,90096180
10/2/2021,86661613
10/2/2021,80614048
10/2/2021,87493738
10/2/2021,86148198
