Date,Phone No.
31/1/2021,82420546
31/1/2021,92972017
1/2/2021,90102729
1/2/2021,92717391
1/2/2021,96259844
2/2/2021,80525471
3/2/2021,90745018
4/2/2021,93721318
4/2/2021,83496566
6/2/2021,86492723
7/2/2021,94064076
7/2/2021,91430048
8/2/2021,83949607
9/2/2021,81477596
9/2/2021,86224049
12/2/2021,81592483
12/2/2021,82573613
12/2/2021,95894288
12/2/2021,95776392
12/2/2021,93944641
12/2/2021,96648872
13/2/2021,90994352
13/2/2021,82502041
